Req_No,Req_Date,ReqBy,Category,SubCategory,ProjectCode,ProjectName,ThemeticArea,FundedBy,Proposal_No,Report_No,Copyright,ProjectManager,Title,Sub_Title,Tags,Abstract_Summary,Remark,Document_Category,AuthName,Accepted,FileName,FileType,FileSize,ContentOrigin,Status,Reason
1,04/24/2023 10:11:53,Avinash,Evaluation Baseline,Tools,PF099,,,,,,,,,,,,,,,,,,0,,,
1,04/24/2023 10:35:42,Pratyaya,Evaluation Baseline,Tools,PF099,,,,,,,,,,,,,,,,,,0,,,
2,05/12/2023 13:53:01,Pratyaya,Evaluation Baseline,Tools,PF099,,,,,,,,,,,,,,,,,,0,,,
4,05/12/2023 14:03:07,Pratyaya,Evaluation Baseline,Factsheet,PF099,,,,,,,,,,,,,,,,,,0,,,
1,05/12/2023 14:07:23,GUNJAN,Evaluation Baseline,Tools,PF099,,,,,,,,,,,,,,,,,,0,,,
5,05/12/2023 14:09:57,GUNJAN,Evaluation Baseline,Presentation,PF099,,,,,,,,,,,,,,,,,,0,,,
2,05/12/2023 14:14:11,GUNJAN,Evaluation Baseline,Tools,PF099,,,,,,,,,,,,,,,,,,0,,,
3,05/12/2023 14:24:04,GUNJAN,Evaluation Baseline,Tools,PF094,,,,,,,,,,,,,,,,,,0,,,
5,05/12/2023 14:29:36,Pratyaya,Evaluation Baseline,Presentation,PF099,,,,,,,,,,,,,,,,,,0,,,
7,05/12/2023 15:35:21,Pratyaya,Evaluation Baseline,Report,PF099,,,,,,,,,,,,,,,,,,0,,,
1,05/17/2023 12:48:38,BIJENDRA,Evaluation Baseline,Tools,PF099,,,,,,,,,,,,,,,,,,0,,,
10,05/17/2023 12:53:40,BIJENDRA,Evaluation Endline,Factsheet,PF099,,,,,,,,,,,,,,,,,,0,,,
9,05/17/2023 12:53:44,BIJENDRA,Evaluation Endline,Tools,PF099,,,,,,,,,,,,,,,,,,0,,,
1,05/25/2023 16:59:45,Anamika,Evaluation Baseline,Tools,PF099,,,,,,,,,,,,,,,,,,0,,,
2,05/25/2023 17:09:02,Anamika,Evaluation Baseline,Tools,PF099,,,,,,,,,,,,,,,,,,0,,,
8,05/26/2023 14:53:10,Pratyaya,Evaluation Baseline,Infographics,PF099,,,,,,,,,,,,,,,,,,0,,,
1,06/29/2023 10:49:47,Anjali,Evaluation Baseline,Tools,PF099,,,,,,,,,,,,,,,,,,0,,,
2,06/29/2023 10:55:09,Anjali,Evaluation Baseline,Tools,PF099,,,,,,,,,,,,,,,,,,0,,,
4,06/29/2023 11:04:28,Anjali,Evaluation Baseline,Factsheet,PF099,,,,,,,,,,,,,,,,,,0,,,
6,06/29/2023 11:24:40,Madhuparna,Evaluation Baseline,IRB,PF099,,,,,,,,,,,,,,,,,,0,,,
5,06/29/2023 11:33:52,Madhuparna,Evaluation Baseline,Presentation,PF099,,,,,,,,,,,,,,,,,,0,,,
22,06/29/2023 11:57:29,Madhuparna,Proposal Document,Concept note,PN079,,,,,,,,,,,,,,,,,,0,,,
34,09/18/2023 12:30:55,Superadmin,Proposal Document,Concept notes,PF074,,,,,,,,,,,,,,,,,,0,,,
